time,valueA,valueB,valueC
1,57.5,60,43.3333333333333
2,52.5,66.6666666666667,51.6666666666667
3,50,53.6666666666667,48.6666666666667
4,42,50.3333333333333,51.3333333333333
5,50,59,46.3333333333333
6,41,44.3333333333333,54.3333333333333
